Military expenditure by country, in local currency, 1988-2014;;;;;;;;;;;;;;;;;;;;;;;;;;;;;;
Figures are in local currency at current prices and are for financial years. Countries are grouped by region and subregion.;;;;;;;;;;;;;;;;;;;;;;;;;;;;;;
All data are expressed in the most recent currency for each country.;;;;;;;;;;;;;;;;;;;;;;;;;;;;;;
Figures in blue are SIPRI estimates. Figures in red indicate highly uncertain data.;;;;;;;;;;;;;;;;;;;;;;;;;;;;;;
""". ."" = data unavailable. ""xxx"" = country did not exist or was not independent during all or part of the year in question.";;;;;;;;;;;;;;;;;;;;;;;;;;;;;;
;;;;;;;;;;;;;;;;;;;;;;;;;;;;;;
Country                   ;Currency;Financial year start;Notes;1988;1989;1990;1991;1992;1993;1994;1995;1996;1997;1998;1999;2000;2001;2002;2003;2004;2005;2006;2007;2008;2009;2010;2011;2012;2013;2014
Africa;;;;;;;;;;;;;;;;;;;;;;;;;;;;;;
North Africa;;;;;;;;;;;;;;;;;;;;;;;;;;;;;;
Algeria                       ;b. dinars                     ;January;1;6.1;6.5;8.1;10.4;23.0;29.8;46.8;58.8;79.5;101;112;122;142;162;167;171;202;214;225;273;334;384;422;631;723;826;956
Libya                         ;m. dinars                     ;January;‡ ¶ 2;. .;. .;. .;. .;. .;. .;. .;. .;. .;577;675;535;556;496;575;700;894;904;807;807;1346;. .;. .;. .;3769;. .;4185
Morocco                       ;m. dirhams                    ;Special, see notes;3;7530;8408;8817;9999;10489;11640;12564;18420;12946;13748;14008;13694;9129;16619;16254;17418;17182;18006;18775;19730;22824;24615;26605;27042;29360;34173;34034
Tunisia                       ;m. dinars                     ;January;;200;222;218;241;256;277;301;324;387;396;417;424;456;483;491;525;554;608;662;629;713;763;818;1007;1064;1234;1539
Sub-Saharan;;;;;;;;;;;;;;;;;;;;;;;;;;;;;;
Angola                        ;th./b. kwanzas                   ;January;? 4;0.044;0.058;0.052;0.057;0.20;4.7;35.4;643;20452;104621;66889;3.0;5.9;8.9;19.1;50.0;68.3;119;158;156;237;263;322;342;396;588;673
Benin                         ;b. CFA francs                 ;January;;11.0;9.1;8.9;. .;. .;. .;. .;. .;. .;. .;. .;11;10.3;9.6;18.1;20.1;22.1;23.6;24.5;. .;29.0;. .;. .;. .;39.9;42.5;46.0
Botswana                      ;m. pula                       ;April;;182;216;316;359;381;473;452;462;469;625;812;775;998;1305;1451;1503;1464;1446;1642;1961;2372;2359;2372;2581;2527;2500;2802
Burkina Faso                  ;b. CFA francs                 ;January;† 5;17.0;21.3;23.0;19.6;18.8;17.1;16.8;18.4;19.0;22.5;23.3;25.7;26.1;27.0;29.6;29.5;34.7;39.0;38.0;51.7;55.1;60.1;61.5;65.7;74.3;80.7;81.9
Burundi                       ;b. francs                     ;January;‡ 6;4.8;6.0;6.8;7.8;8.1;8.8;10.6;10.5;15.4;21.8;26.3;28.5;30.5;44.2;41.8;47.0;49.4;53.6;46.0;50.1;52.0;. .;. .;. .;85.1;94.6;96.2
Cameroon                      ;b. CFA francs                 ;January;§;45.5;48.2;50.1;50.4;46.9;48.3;56.6;56.8;62.9;75.7;86.2;92.0;83.2;99.0;52.0;110;117;118;134;142;155;162;175;164;181;194;199
Cape Verde                    ;m. escudos                    ;January;;366;. .;. .;. .;242;220;281;477;352;382;443;518;814;572;530;565;573;614;614;640;646;667;690;710;719;790;902
Central African Rep.          ;m. CFA francs                 ;January;‡ 7;. .;. .;. .;6093;6137;5421;5935;6496;6239;. .;. .;. .;. .;. .;7445;8729;7979;8121;. .;9160;14111;16995;25549;. .;. .;. .;. .
Chad                          ;b. CFA francs                 ;January;;23.2;18;9.4;. .;9.4;11.1;12.3;10;12.7;9.7;9.5;12.9;15.2;19.2;23.9;23.8;26.7;29.3;117;187;274;349;305;288;. .;. .;. .
Congo                         ;m. CFA francs                 ;January;§;. .;. .;. .;. .;33250;31000;. .;. .;. .;. .;. .;. .;. .;39911;49280;54503;65665;53230;66182;80555;93020;. .;108164;. .;. .;181341;348510
Congo, Dem. Rep.              ;b. francs                     ;January;8;. .;. .;. .;. .;. .;. .;. .;. .;0.045;0.110;0.043;0.60;2.90;. .;. .;31.9;55;78.3;96.0;106;89.5;99.1;166;220;369;394;422
Côte d’Ivoire                 ;b. CFA francs              ;January;9;38.2;41.4;39.2;40.7;41.5;42.1;46.7;. .;52.5;54.6;. .;. .;. .;. .;. .;124;133;132;140;155;165;198;192;169;208;. .;. .
Djibouti                      ;m. francs                     ;January;;5520;5525;5530;5647;5976;5521;5458;5262;4359;4719;4746;4759;4625;4629;5909;7422;6639;7970;8800;6135;6447;. .;. .;. .;. .;. .;. .
Equatorial Guinea             ;m. CFA francs                 ;January;;;. .;. .;. .;. .;. .;1321;1721;. .;. .;. .;. .;. .;. .;. .;. .;. .;. .;. .;94087;131097;175619;. .;. .;. .;. .;82.3
Eritrea                       ;m. nakfa                      ;January;? 10;xxx;xxx;xxx;xxx;xxx;539;439;771;968;634;1936;2225;2220;1884;2104;2520;. .;. .;. .;. .;. .;. .;. .;. .;. .;. .;. .
Ethiopia                      ;m. birr                       ;July;11;1494;1741;1509;681;750;889;737;772;835;2190;4336;6842;3307;2610;2341;2452;2920;3009;3005;3453;4000;4000;4750;6486;6493;7500;8000
Gabon                         ;b. CFA francs                 ;January;12;. .;. .;. .;. .;. .;. .;. .;. .;. .;. .;. .;. .;65.0;66.0;66.0;63.0;65.0;60.0;58.0;59.0;. .;. .;62.0;. .;128;126;. .
Gambia                        ;m. dalasis                    ;January;‡ 13;17.9;23.4;31.2;38.6;23.7;22.9;21.5;33.6;21.7;42.6;43.1;40.1;42.5;38.5;45.0;57.0;58.0;85.3;78.2;113;381;189;. .;. .;358;373;609
Ghana                         ;m. cedis                      ;January;? 14;0.50;0.60;0.90;1.5;1.8;2.7;3.6;5.9;7.3;9.3;13.3;15.8;27.7;23.2;29.3;46.2;50.7;58.2;69.4;118;120;167;175;354;606;498;543
Guinea                        ;b. francs                     ;January;15;;. .;. .;54.1;50.2;42.0;44.8;. .;. .;48.6;55.7;76.6;80.3;171;194;167;182;. .;. .;. .;. .;. .;. .;. .;1180;1330;1787
Guinea-Bissau                 ;m. CFA francs                 ;January;? 16;. .;123;. .;. .;. .;. .;400;615;770;1061;1711;. .;6786;4533;4435;4362;. .;6391;. .;. .;. .;6490;8484;8267;8465;. .;. .
Kenya                         ;m. shillings                  ;July;;4021;5385;5910;4648;5406;6856;6297;9039;10472;10182;10580;10788;14439;16258;17430;19921;21219;26652;27540;39062;41183;48247;50327;64537;77485;70743;73281
Lesotho                       ;m. maloti                     ;April;;44.1;75.7;70.0;71.8;67.8;72.6;98.2;134;118;137;159;225;208;199;209;207;202;218;245;292;204;468;534;385;454;466;535
Liberia                       ;m. dollars                    ;July;17;26.5;. .;28.3;21.7;23.6;37.3;41.3;. .;. .;. .;. .;. .;. .;. .;. .;1.7;3.2;8.0;3.9;3.5;3.9;7.2;8.5;13.3;16.0;14.6;16.7
Madagascar                    ;b. ariary                     ;January;? 18;9.3;9.7;11.3;12.7;8.6;14.5;16.9;23.2;40.2;53.5;54.9;56.6;63.9;85.7;78.9;89.8;102;108;116;154;176;139;119;146;151;163;173
Malawi                        ;m. kwacha                     ;April;;53.1;66.1;66.4;66.5;99.1;118;159;172;354;461;446;698;698;988;1186;1309;2753;5116;3933;4959;6678;8841;7082;8659;13566;28808;19589
Mali                          ;b. CFA francs                 ;January;¶;14.3;14.7;14.2;. .;. .;12.6;16.6;20.2;20.3;23.5;24.2;27;31.1;32.9;34.4;38.8;40.9;45.6;50.2;52.9;64;68.2;72.7;76.0;76.0;76.0;84.2
Mauritania                    ;b. ouguiyas                   ;January;‡ 19 ;3.2;3.2;3.2;3.2;3.4;3.6;3.6;4.2;5.2;6.3;4.8;6.7;9.1;13.3;9.9;16.4;18.6;17.7;22.0;. .;29.4;30.1;. .;. .;42.2;43.4;43.8
Mauritius                     ;m. rupees                     ;July;;73.0;120;153;176;180;200;226;242;224;189;217;239;253;270;299;308;293;349;337;392;495;242;458;503;501;712;1007
Mozambique                    ;m. meticais                   ;January;? 20;33.5;58.9;78.6;103;150;230;440;302;407;485;585;722;843;1048;1267;1422;1753;1436;1459;1773;2034;2320;3369;3455;3947;4753;5448
Namibia                       ;m. dollars                    ;April;21;xxx;xxx;513;362;353;188;207;261;294;416;443;714;617;905;935;994;1107;1260;1382;1683;2372;2593;3006;3293;3414;3964;6606
Niger                         ;b. CFA francs              ;January;;. .;. .;. .;. .;. .;. .;9.7;9.2;8.9;10.1;13;14.5;14.3;18.2;14.4;14.3;16.7;17.3;. .;. .;24;25;33.1;39.6;35.6;. .;. .
Nigeria                       ;b. naira                      ;January;22;1.2;1.3;2.2;2.4;3.0;6.4;7.0;14.0;15.4;17.9;25.2;45.4;37.5;63.5;108;75.9;85.0;88.5;99.9;122;192;224;299;369;365;381;374
Rwanda                        ;b. francs                  ;Special, see notes;23;2800;3336;8.0;13.2;11.9;12.9;5.7;14.8;22.6;23.3;27.2;27.0;23.9;25.2;24.3;24.3;23.8;25.1;30.1;30.4;37;64.2;44.1;46.4;51.7;55;62.4
Senegal                       ;b. CFA francs                 ;January;§ ¶ 24;29.6;30.5;31.3;29.9;29.1;34.0;36.7;40.4;40.8;41.3;44.3;48.2;44.4;50.5;51.8;56.3;56.819;65.619;77.678;92.407;97.116;101.437;96.942;108.619;100.401;116.958;118.607
Seychelles                    ;m. rupees                     ;January;;65.4;73.6;79.2;87.6;105;67.1;60.1;55.2;52.4;57.3;55.5;59.3;59.0;64.8;64.1;66.1;87.6;81.0;79.3;102;105;118;86.4;108;136;159;193
Sierra Leone                  ;m. leones                     ;January;25;230;577;1369;4792;10081;13244;15546;18898;17119;9315;. .;. .;48769;59408;56955;66841;62026;68056;83000;86800;70500;89400;99700;111000;120000;131000;173000
Somalia                       ;m. Shillings/m. US$                     ;January;26;7918;4200;. .;. .;. .;. .;. .;. .;. .;. .;. .;. .;. .;. .;. .;. .;. .;. .;. .;. .;. .;. .;. .;. .;. .;26.05;60.258
South Africa                  ;m. rand                       ;April;;10334;11179;11330;10488;10488;10683;12908;11620;10984;11171;10323;10717;13932;16044;19473;19473;20201;23511;23819;25180;27801;31324;30442;34331;37702;40658;42831
South Sudan;m. pounds;January;27;xxx;xxx;xxx;xxx;xxx;xxx;xxx;xxx;xxx;xxx;xxx;xxx;xxx;xxx;xxx;xxx;. .;. .;1198;1185;1874;1404;1501;4720;2684;3110;3280
Sudan                         ;m. pounds                     ;January;‡ ? 28;1.7;. .;3.9;6.9;13.0;30.0;47.9;113;133;154;522;1085;1510;1004;1276;1039;3200;2838;3338;. .;. .;. .;. .;. .;. .;. .;. .
Swaziland                     ;m. emalangeni                 ;April;‡ 29;20.8;26.6;41.2;45.2;64.7;81.8;94.9;108;116;119;150;161;173;168;202;255;283;410;392;451;584;663;775;774;753;867;878
Tanzania                      ;b. shillings                  ;July;;14.1;16.1;17.9;29.5;28.2;19.4;40.1;58.2;59.0;86.2;92.3;99.1;117;147;125;135;143;172;197;217;247;332;465;502;637;670;859
Togo                          ;m. CFA francs                 ;January;;12834;13354;13817;12950;13000;14200;14100;15400;. .;. .;. .;. .;. .;. .;. .;16757;16757;17532;. .;. .;25529;. .;28148;27849;. .;. .;. .
Uganda                        ;b. shillings                  ;July;;21.3;41.1;50.7;57.3;61.4;88.3;116;130;153;150;234;231;234;244;267;331;379;393;407;462;611;581;2070;993;769;822;851
Zambia                        ;m. kwacha                  ;January;;0.72;2.3;4.2;5.6;16.8;23.1;42.1;47.8;45.7;57;. .;134;. .;. .;. .;. .;470;623;742;930;1042;1115;1344;1503;1783;2058;2727
Zimbabwe          ;m. US dollars                    ;January;? 30;407;410;423;330;263;237;259;267;317;459;. .;263;346;287;677;195;256;131;162;. .;. .;. .;98.3;198;318;357;368
Americas;;;;;;;;;;;;;;;;;;;;;;;;;;;;;;
Central America and the Caribbean;;;;;;;;;;;;;;;;;;;;;;;;;;;;;;
Belize                        ;m. dollars                   ;April;;8.3;8.8;9.8;9.4;11.0;12.7;16.8;15.9;16.0;19.7;. .;16.1;13.6;15.3;15.8;17.6;19.4;22.1;25.4;28.2;40.5;32.5;30.1;31.1;30.0;34.5;35.5
Costa Rica                    ;m. colones                    ;January;31;0;0;0;0;0;0;0;0;0;0;0;0;0;0;0;0;0;0;0;0;0;0;0;0;0;0;0
Cuba                          ;m. pesos                      ;January;32;1274;1377;1380;1160;. .;300;. .;. .;. .;. .;. .;. .;. .;. .;. .;1259;1303;1650;1708;1892;2022;2099;2140;2244;2880;2710;. .
Dominican Rep.                ;m. pesos                      ;January;;289;339;408;430;806;1217;1329;1148;1474;2149;2428;2806;4051;5186;5056;4804;6436;8305;8621;9153;11629;11587;13239;13326;14238;15498;17351
El Salvador                   ;m. US dollar                  ;January;33;213;240;202;187;179;166;159;161;161;162;161;164;169;191;204;166;162;170;185;200;209;215;226;256;273;266;263
Guatemala                     ;m. quetzales                  ;January;;327;364;505;511;677;693;806;843;784;801;894;914;1225;1546;1239;1420;913;798;993;1043;1259;1203;1368;1537;1758;1962;2041
Haiti                         ;m. gourdes                    ;April;34;10.0;11.6;14.0;16.5;17.3;22.4;24.6;41.7;0;0;0;0;0;0;0;0;0;0;0;0;0;0;0;0;0;0;0
Honduras                      ;m. lempiras                   ;January;35;. .;. .;. .;. .;. .;. .;. .;. .;. .;. .;. .;. .;779;974;1045;1426;1103;1179;1428;1813;2503;2963;3216;3790;3635;4681;5202
Jamaica                       ;m. dollars                    ;April;;. .;180;203;299;928;744;825;1305;1681;2041;1641;1802;1896;2212;2936;3244;3368;3804;5100;6005;10677;9896;10138;11925;12312;13062;13376
Mexico                        ;m. pesos                      ;January;;2232;2839;3733;4828;6190;7251;9750;10996;15685;18958;22666;27803;31422;33074;33598;35014;35314;39467;44496;52235;54977;65615;74517;80396;91907;100102;115158
Nicaragua                     ;m. córdobas                   ;January;36;. .;. .;161;289;236;226;238;265;266;286;278;318;391;377;496;533;520;571;655;728;826;849;946;1154;1651;2104;2152
Panama                        ;m. balboas                    ;January;37;103;102;73.1;78.6;78.8;95.2;101;96.6;101;118;104;112;0;0;0;0;0;0;0;0;0;0;0;0;0;0;0
Trinidad & Tobago;m. Dollars;October;;. .;. .;. .;. .;116;138;161;. .;. .;. .;. .;. .;76.8;117;135;444;581;719;760;878;865;908;923;976;1414;1370;1523
North America;;;;;;;;;;;;;;;;;;;;;;;;;;;;;;
Canada                        ;m. dollars                    ;April;;12336;12854;13473;12830;13111;13293;13008;12457;11511;10831;11716;12360;12314;13191;13379;14143;14951;16001;17066;19255;21100;21828;19255;20607;20276;18593;19538
USA                           ;m. dollars                    ;October;38;293093;304085;306170;280292;305141;297637;288059;278856;271417;276325;274278;280969;301697;312743;356720;415223;464676;503353;527660;556961;621131;668567;698180;711338;684780;639704;609913.68
South America;;;;;;;;;;;;;;;;;;;;;;;;;;;;;;
Argentina                     ;m. pesos                      ;January;;2.2;57.6;943;2569;3038;3170;3751;3801;3378;3339;3397;3460;3265;3182;3413;3988;4285;4935;5643;7109;8769;11063;13541;16654;20703;28050;35103
Bolivia                       ;m. bolivianos                 ;January;39;. .;275;436;516;553;470;624;678;748;950;1263;1030;1074;1221;1153;1331;1343;1368;1441;1740;2371;2431;2300;2438;2738;3076;3368
Brazil                        ;th./m. reais                      ;January;;0.67;10.7;273;1.2;9.8;272;7040;13140;14145;15021;16662;17898;20753;25682;28224;25829;28608;33080;35686;39887;44841;51283;59819;61788;66379;71060;74217
Chile                         ;b. pesos                      ;January;§ 40;252;261;315;363;424;522;616;725;785;889;972;1040;1135;1202;1226;1264;1519;1680;1978;2068;2375;2109;2402;2631;2664;2665;2936
Colombia                      ;b. pesos                      ;January;41;239;337;447;577;837;1320;1694;2391;4477;3410;4834;5703;6322;7507;8383;9434;10664;11405;12577;14082;17810;19496;19787;19048;21035;24297;26132
Ecuador                       ;m. US dollars                 ;January;42;198;189;202;209;211;276;291;475;419;499;549;296;266;384;505;739;710;954;950;1310;1646;1949;2094;2454;2379;2638;2750
Guyana                        ;m. dollars                    ;January;‡ 43;83.9;124;142;227;453;562;759;808;780;. .;. .;. .;2296;2692;3175;3169;4389;3699;3839;5053;6215;6334;6328;6614;6855;7242;7926
Paraguay                      ;b. guaranies               ;January;44;. .;81.0;113;192;217;192;232;298;299;386;401;384;406;396;422;431;533;508;631;697;776;882;1024;1266;1500;1704;2017
Peru                          ;m. nuevos soles           ;January;45;. .;217;4498;308;798;1347;1727;2256;2426;3140;3346;3357;3183;3171;2953;3100;3147;3788;3987;3825;4051;5189;5527;5579;6273;7997;7941
Uruguay                       ;m. pesos                      ;January;;93.2;185;384;542;1110;1651;2272;3326;4589;5431;6003;6512;6803;6975;7321;7815;8269;8847;9723;10106;12422;14682;15807;16264;18381;21885;21264
Venezuela                     ;m. bolivares fuerte;January;? 46;. .;. .;. .;55.9;67.9;117;138;212;306;753;795;853;1216;1383;1244;1588;2740;4292;6436;6377;9286;8631;8683;10229;21299;32136;35042
Asia & Oceania;;;;;;;;;;;;;;;;;;;;;;;;;;;;;;
Central Asia;;;;;;;;;;;;;;;;;;;;;;;;;;;;;;
Kazakhstan                    ;b. tenge                      ;January;;xxx;xxx;xxx;xxx;. .;0.3;3.8;10.8;16.3;17.9;19.0;17.2;20.4;32.5;37.7;47.5;58.0;78.7;100;167;185;188;221;265;325;388;416
Kyrgyzstan                    ;m. som                        ;January;47;xxx;xxx;xxx;xxx;12.2;82.0;311;558;699;955;912;1267;1882;1734;2055;2404;2688;3105;3606;4339;5461;6391;8475;9720;9958;11356;13525
Tajikistan                    ;m. somoni                    ;January;;xxx;xxx;xxx;xxx;0.003;0.243;0.347;0.7;4.0;10.7;17.6;18.7;21.5;29.6;70.7;107;134;. .;. .;. .;180;197;235;329;361;. .;515
Turkmenistan                  ;m. manat                      ;January;48;xxx;xxx;xxx;xxx;. .;. .;0.3;3.0;31.7;88.0;87.2;116;. .;. .;. .;. .;. .;. .;. .;. .;. .;. .;. .;. .;. .;. .;
Uzbekistan                    ;b. sum                     ;January;49;xxx;xxx;xxx;xxx;. .;. .;1.0;3.4;6.9;13.7;. .;34.9;37.5;41.1;44.5;53.0;. .;. .;. .;. .;. .;. .;. .;. .;. .;. .;
East Asia;;;;;;;;;;;;;;;;;;;;;;;;;;;;;;
Brunei                        ;m. dollars                    ;Special, see notes;50;359;363;419;424;410;378;400;405;463;548;492;438;421;390;405;530;308;449;472;492;520;505;542;516;513;516;720
Cambodia                      ;b. riel                       ;January;;2.5;4.8;12.4;31.1;78.9;120;273;302;298;305;312;336;309;277;265;270;272;296;389;383;501;977;746;826;876;981;1124
China, P. R.                  ;b. yuan                       ;January;51;. .;44.0;49.0;53.3;68.9;73.2;86.9;105;125;133;150;170;184;227;262;288;331;379;452;546;637;764;835;952;1071;1185;1330
Indonesia                     ;b. rupiah                     ;Special, see notes;52;2315;2555;3114;3375;3984;4052;5102;5731;7068;10179;9594;8691;7340;9430;12755;18310;21712;20829;23923;30611;31349;34333;42392;51202;72936;87500;83300
Japan                         ;b. yen                        ;April;† 53;3312;3455;3670;3922;4253;4441;4589;4602;4638;4719;4815;4950;4956;4897;4907;4969;4920;4928;4898;4878;4818;4815;4691;4869;4761;4754;4885
Korea, North                  ;b. won                           ;January;54;3.9;4.0;4.3;4.5;4.5;4.6;4.7;. .;3.0;. .;2.9;2.9;3.0;3.2;3.3;50.8;54.4;64.5;67.1;68.5;71.3;76.3;82.6;89.8;99.1;105;111
Korea, South                  ;b. won                        ;January;55;5656;6358;7156;8035;9067;9935;10862;12406;13200;14125;14656;14379;15609;16708;17643;18884;20421;22694;24039;25765;28733;31168;31876;34229;35665;37159;38625
Laos                          ;b. kip                        ;October;;. .;. .;. .;72.5;75.5;81.9;87.6;71.0;76.0;110;110;107;112;115;115;121;125;135;140;150;119;119;150;160;172;. .;
Malaysia                      ;m. ringgit                    ;January;;2241;2761;3043;4323;4500;4951;5565;6121;6091;5877;4547;6321;5826;7351;8504;10950;10728;11817;11981;13649;14717;13974;12415;14709;14508;15257;16100
Mongolia                      ;m. tugriks                    ;January;;900;850;592;888;1184;4147;6766;9547;11850;14767;16750;18416;26126;25384;28071;27899;32891;35914;46232;66200;77817;54110;74443;110300;155499;. .;
Myanmar                       ;b. kyats                      ;April;56;1.8;4.3;5.4;6.1;9.1;13.9;17.7;23.8;29.0;30.1;39.6;45;63.5;64;76.1;173;174;198;. .;. .;. .;. .;. .;1297;2104;2245;2366
Philippines                   ;m. pesos                      ;January;57;19651;20757;23131;25094;27524;31812;36778;43725;49268;46459;50117;52419;57586;57219;61879;70534;69670;75616;82476;92960;100654;100880;109986;117010;122408;143342;146131
Singapore                     ;m. dollars                    ;April;;2492;2837;3409;3523;3891;4049;4347;5492;5878;6865;7678;7595;7423;7820;8204;8238;8620;9252;9268;10009;10726;11043;11061;11276;11524;12175;12566
Taiwan                        ;b. dollars                    ;January;;201;225;243;256;271;344;289;319;327;322;295;309;275;270;260;257;262;258;249;268;282;302;288;295;311;313;311
Thailand                      ;b. baht                       ;October;;48.4;54.4;63.5;74.7;76.8;89.3;95.3;98;106;90.2;78.7;75.1;76.4;77.2;79.9;74.106;78.053;85.108;115;142;168;154;168;167;180;184;193
Timor Leste;m. US dollars;Special, see notes;58;xxx;xxx;xxx;xxx;xxx;xxx;xxx;xxx;xxx;xxx;xxx;xxx;xxx;xxx;. .;. .;6.6;9.8;24.4;11.5;23.7;36.5;26.4;20.5;33.4;31.7;29.6
Viet Nam                      ;b. dong                       ;January;59;792;2047;3319;4292;3730;3168;4730;. .;. .;. .;. .;. .;. .;. .;. .;13058;14409;16278;20577;28735;34848;40981;49739;55100;70000;78024;90000
South Asia;;;;;;;;;;;;;;;;;;;;;;;;;;;;;;
Afghanistan                   ;m. afghanis;January;60;;. .;. .;. .;. .;. .;. .;. .;. .;. .;. .;. .;. .;. .;. .;6186;5946;6100;6649;11835;12137;12783;14063;15464;11486;12136;16000
Bangladesh                    ;b. takas;July;;10.0;11.1;11.2;12.9;15.9;16.4;21.7;21.5;24.7;27.1;29.8;32.7;34.0;34.0;34.2;38.1;41.2;44.9;54.0;59.5;62.6;87.6;109;125;137;147;165
India                         ;b. rupees;April;61;162;175;188;199;213;265;283;327;359;435;511;627;647;703;722;774;965;1035;1102;1190;1518;1993;2146;2373;2573;2846;3118
Nepal                         ;m. rupees;July;¶;899;1077;1151;1489;1724;1877;2001;2126;2358;2583;2995;3486;3817;5882;7420;8255;10996;11745;11136;11389;14712;17811;19491;22629;21109;30722;28868
Pakistan                      ;b. rupees;July;‡ 62;51.0;55.0;67.0;79.0;91.0;95.0;108;124;132;141;149;156;163;189;202;228;253;293;306;343;393;469;549;652;745;809;917
Sri Lanka                     ;b. rupees;January;63;5264;4531;7.5;11.5;14.3;17.1;21.6;39.1;42.4;41.2;47.3;44.6;63.3;60.3;54.7;52.3;62.7;64.7;82.2;117;164;175;173;194;187;237;241
Oceania;;;;;;;;;;;;;;;;;;;;;;;;;;;;;;
Australia                     ;m. dollars                    ;July;;7642;8292;8885;9148;9594;10211;10195;10488;10476;10912;11716;12371;12721;14514;14739;15873;16748;17921;19899;21179;23249;25372;25250;26320;24320;27110;29303
Fiji                          ;m. dollars                    ;January;† 64;35.3;43.1;45.2;47.9;45.9;49.4;49.3;48.8;46.1;44.7;44.9;46.9;68.2;74.7;67.6;70.7;81.1;72.9;93.6;122;85.4;100;96.7;109;106;107;93.9
New Zealand                   ;m. dollars                    ;July;;1769;1794;1752;1677;1564;1644;1660;1834;1769;1803;1819;1848;1931;1859;1885;2017;1861;2087;2428;2236;2491;2706;2654;2612;2559;2710;3096
Papua New Guinea              ;m. kina                       ;January;‡ 65;40.1;45.6;65.6;50.1;56.5;67.1;84.2;72.2;104;114;103;91.7;93.5;85.5;66.3;68.8;78.7;94.5;95.7;117;106;143;126;152;231;187;246
Europe;;;;;;;;;;;;;;;;;;;;;;;;;;;;;;
Albania                       ;m. leks                       ;January;§ ¶ 66;955;965;990;. .;2475;4010;4698;4719;4777;4442;5067;5891;6519;7638;8220;9279;10373;11000;13831;17619;21450;23633;19749;19865;19910;18892;14232
Armenia                       ;b. drams                   ;January;† 67;xxx;xxx;xxx;xxx;6.5;89.5;. .;21.2;21.7;31.4;33.7;36.5;36.7;36.8;36.8;44.3;52.3;64.4;78.3;95.8;121;131;148;146;153;182;194
Austria                       ;m. euros                      ;January;;1538;1561;1630;1692;1709;1788;1849;1874;1891;1920;1943;1994;2090;1999;1999;2111;2158;2160;2105;2557;2558;2401;2430;2453;2481;2432;2455
Azerbaijan                    ;m. manats                     ;January;? 68;xxx;xxx;xxx;xxx;0.1;1.6;13.8;58.4;61.6;73.4;83;99.1;107;123;136;173;224;288;641;812;1321;1184;1185;2432;2550;2701;2809
Belarus                       ;b. roubles                    ;January;;xxx;xxx;xxx;xxx;. .;. .;0.6;2.1;2.4;6.5;10.5;41.4;123;247;366;475;679;975;1355;1603;1887;1887;2287;3762;6354;8572;10009
Belgium                       ;m. euros                      ;January;;3734;3791;3847;3915;3293;3213;3271;3251;3256;3267;3297;3378;3463;3393;3344;3434;3433;3400;3434;3773;4298;4046;3960;3956;4023;3939;3911
Bosnia-Herzegovina            ;m. marka                      ;January;† ¶ 69;xxx;xxx;xxx;xxx;. .;. .;. .;. .;. .;. .;. .;. .;. .;. .;501;351;315;273;278;279;311;341;325;298;300;291;295
Bulgaria                      ;m. leva                       ;January;† 70;. .;1.7;1.7;4.1;6.0;7.8;13.1;20.9;38.0;411;564;656;746;887;947;986;1025;1101;1171;1475;1388;1355;1320;1166;1229;1326;1235
Croatia                       ;m. kunas                      ;January;71;xxx;xxx;xxx;xxx;206;4184;9748;10777;10535;11072;9082;7367;5461;5251;5775;4757;4410;4754;4959;5251;6396;5966;5585;5913;5589;5459;5031
Cyprus                        ;m. euros                      ;January;† ?;194;207;322;332;484;228;251;231;357;469;428;269;299;360;253;255;271;302;304;295;310;339;361;345;323;320;319
Czech Rep.                    ;m. koruny                     ;January;72;xxx;xxx;xxx;xxx;xxx;23777;27008;28275;30509;31328;37643;41688;44670;44978;48924;53194;52481;58445;55358;54949;49827;51824;47706;43785;42007;40765;41991
Czechoslovakia                ;m. korunas                    ;January;73;29236;43784;41900;43037;xxx;xxx;xxx;xxx;xxx;xxx;xxx;xxx;xxx;xxx;xxx;xxx;xxx;xxx;xxx;xxx;xxx;xxx;xxx;xxx;xxx;xxx;xxx
Denmark                       ;m. kroner                     ;January;;15620;15963;16399;17091;17129;17390;17293;17468;17896;18521;19071;19428;19339;21017;21269;21075;21441;20800;23173;22731;24410;23252;25328;24259;25617;23724;25022
Estonia                       ;m. euro                    ;January;? 74;xxx;xxx;xxx;xxx;4.3;11.1;20.9;26.6;31.9;47.1;53.9;69.2;84.9;105;130;152;165;214;251;325;346;313;251;280;340;361;384
Finland                       ;m. euros                      ;January;;1199;1275;1377;1497;1564;1552;1543;1402;1562;1700;1761;1552;1691;1653;1712;2006;2131;2206;2281;2203;2468;2591;2567;2697;2804;2852;2750
France                        ;m. euros                      ;January;75;32788;34351;35355;36730;36416;36771;37574;36349;36188;36756;36012;36510;36702;37187;38681;40684;42690;42545;43457;44273;45063;48146;46648;46471;46725;47010;46947
Georgia                       ;m. lari                       ;January;† 76;xxx;xxx;xxx;xxx;. .;. .;. .;. .;85.5;57.1;57.1;52.4;37.2;49.4;74.6;91.5;135;388;720;1556;1625;1008;810;791;822;679;685
German DR                     ;m. marks                      ;January;77;21647;22383;xxx;xxx;xxx;xxx;xxx;xxx;xxx;xxx;xxx;xxx;xxx;xxx;xxx;xxx;xxx;xxx;xxx;xxx;xxx;xxx;xxx;xxx;xxx;xxx;xxx
Germany                       ;m. euros                      ;January;;31515;32302;34960;33530;33508;31459;30144;30159;29998;29451;29822;30603;30554;30648;31168;31060;30610;30600;30365;31090;32824;34171;34925;34630;36168;35901;35013
Greece                        ;m. euros                      ;January;78;1145;1220;1486;1683;2027;2264;2554;2842;3259;3665;4184;4496;4895;4948;5030;4462;5048;5652;6064;6235;7219;7660;6164;5128;4604;4535;4008
Hungary                       ;b. forint                     ;January;;54.8;53.2;58.4;61.1;70.3;76.9;90.8;89.4;103;147;151;191;226;272;280;314;311;319;297;326;321;299;281;296;298;271;271
Iceland;m. krónur;January;† 79;. .;. .;. .;. .;. .;. .;. .;. .;. .;. .;. .;. .;. .;. .;. .;. .;. .;. .;. .;. .;. .;2781;2431;2261;2182;. .;
Ireland                       ;m. euros                      ;January;;332;344;463;473;490;503;538;556;596;641;662;696;754;858;862;855;887;921;949;1003;1081;1019;962;935;901;901;898
Italy                         ;m. euros                      ;January;80;13190;14121;14464;15592;15914;16715;16958;16300;18680;19987;21052;22240;24325;24592;25887;26795;27476;26959;26631;26275;28156;27571;27206;27429;26254;25526;23296
Latvia                        ;m. lats                       ;January;81;xxx;xxx;xxx;xxx;. .;17.0;27.0;32.7;29.9;31.4;35.4;47.1;60.4;77.7;130;154;176;219;293;352;398;262;196;212;199;214;226
Lithuania                     ;m. litai                      ;January;;xxx;xxx;xxx;xxx;. .;90.2;83.8;122;169;302;553;426;562;668;667;645;753;843;968;1116;1276;1006;851;855;883;923;981
Luxembourg                    ;m. euros                      ;January;;78.4;74.2;80.1;91.2;98.2;92.7;105;104;109;119;129;132;139;179;163;176;189;196;197;209;199;199;250;221;214;220;224
Macedonia, FYR                ;m. denars                     ;January;82;xxx;xxx;xxx;xxx;. .;. .;. .;. .;5223;4163;4302;3769;4602;15397;6841;6292;6683;6259;6149;7272;7229;7000;6044;5859;5719;5869;6192
Malta                         ;m. euros                     ;January;† ?;17.3;17.3;15.7;16.4;19.8;21.9;24.5;25.6;28.0;28.0;26.3;26.0;25.9;28.4;28.7;30.0;32.5;42.3;35.3;35.8;38.3;42.6;44.3;40.2;38.9;40.5;45.0
Moldova                       ;m. lei                        ;January;† ¶ 83;. .;. .;. .;. .;. .;9.7;36.7;60;70.7;80.5;57;63;63.3;76.7;94.7;115;116;151;216;276;383;277;227;270;289;337;387
Montenegro                    ;m. euros                         ;January;84;xxx;xxx;xxx;xxx;xxx;xxx;xxx;xxx;xxx;xxx;xxx;xxx;xxx;xxx;xxx;xxx;xxx;xxx;49.7;46.9;58.1;55.2;56.7;57.1;52.7;50.0;59.2
Netherlands                   ;m. euros                      ;January;;6035;6158;6132;6148;6308;5946;5895;5837;5989;6056;6154;6595;6482;6929;7149;7404;7552;7693;8145;8388;8448;8733;8472;8379;8067;7789;7602
Norway                        ;m. kroner                     ;January;;18865;20248;21251;21313;23638;22528;24019;22224;22813;23010;25087;25809;25722;26669;32461;31985;32945;31471;32142;34439;35932;38960;39279;40534;41560;43247;42697
Poland                        ;m. zlotys                     ;January;85;74;215;1464;1821;2564;3847;5117;6594;8313;10468;12133;12800;13673;14864;15407;16141;17479;19078;20541;23774;22525;24661;26505;28015;29266;29317;33124
Portugal                      ;m. euros                      ;January;;968;1144;1333;1525;1705;1758;1800;2013;2001;2089;2098;2259;2393;2598;2765;2755;2996;3248;3242;3190;3285;3563;3563;3528;3220;3602;3166
Romania                       ;m. new lei                    ;January;?;3.7;3.8;3.9;10.5;25.7;55.1;155;200;270;770;1113;1465;2031;2864;3491;4151;4994;5757;6324;6358;7558;6785;6630;7255;8084;8391;8515
USSR/Russia                        ;b. roubles                    ;January;86;138;134;123;. .;0.90;7.7;29.7;58.1;81.0;102;77.2;159;260;341;437;521;604;773;939;1114;1396;1636;1783;2064;2500;2796;3201
Serbia                        ;m. dinars                     ;January;87;xxx;xxx;xxx;xxx;. .;. .;. .;. .;3950;5406;6441;8600;21292;33060;43695;42070;43154;41996;47342;56792;61944;65843;67806;72377;75096;78330;83993
Slovak Rep.                   ;m. euros                    ;January;† ?;xxx;xxx;xxx;xxx;xxx;273;319;621;653;557;465;449;523;632;662;762;762;848;898;929;994;967;853;763;790;726;745
Slovenia                      ;m. euros                      ;January;?;xxx;xxx;xxx;xxx;95.5;109;128;166;186;194;209;208;207;275;328;360;396;413;485;506;566;575;583;479;423;381;370
Spain                         ;m. euros                      ;January;;5021;5550;5546;5693;5577;6340;5978;6483;6560;6750;6756;7092;7599;7972;8414;8587;9132;9508;11506;12219;12756;12196;11132;10059;10828;9495;9596
Sweden                        ;m. kronor                     ;January;88;30131;32447;36516;37612;37381;39004;39772;40872;41600;39726;40801;42541;43882;42639;42401;42903;40527;41240;41150;43163;39710;38751;42423;41070;42301;42528;45100
Switzerland                   ;m. francs                     ;January;† ¶ 89;4794;5042;5635;5760;5819;5336;5333;5493;5240;5077;5066;4727;4729;4664;4493;4404;4357;4339;4174;4231;4439;4413;4292;4417;4306;4684;4791
UK                            ;m. pounds                     ;April;90;19290;20868;22287;24380;22850;22686;22490;21439;22330;21612;22477;22548;23552;24874;26991;29338;29524;30603;31454;33486;36431;37425;37645;37608;36838;36217;36902
Ukraine                       ;m. hryvnias                   ;January;§ 91;xxx;xxx;xxx;xxx;. .;6.9;301;1542;2680;3851;3442;3890;6184;5848;6266;7615;8963;12328;15082;20685;25341;26899;29596;29358;33058;35061;47943
Yugoslavia (former)           ;m. new dinars                 ;January;92;5680;61130;51800;. .;xxx;xxx;xxx;xxx;xxx;xxx;xxx;xxx;xxx;xxx;xxx;xxx;xxx;xxx;xxx;xxx;xxx;xxx;xxx;xxx;xxx;xxx;xxx
Middle East;;;;;;;;;;;;;;;;;;;;;;;;;;;;;;
Bahrain                       ;m. dinars                     ;January;93;78.0;82.0;90.0;99.0;105;105;107;114;121;121;124;137;135;140;167;194;200;193;216;242;271;311;317;389;445;507;539
Egypt                         ;m. pounds                     ;July;;3873;3926;5042;5766;6624;6982;7621;8267;7765;9240;9638;10124;11569;12148;13333;14563;14804;15933;17922;19350;21718;22831;26724;26244;28960;30947;39276
Iran                          ;b. rials                      ;April;94;1345;1117;1124;1206;1323;2008;3303;4731;6715;8616;9931;12238;15517;19102;23507;32774;49300;64801;85412;86998;110316;128746;142498;154602;154940;. .;. .
Iraq                          ;b. dinars                     ;January;95;. .;. .;. .;. .;. .;. .;. .;. .;. .;. .;. .;. .;. .;. .;. .;. .;892;1649;1814;2437;3428;3473;4190;6908;7061;9207;11100
Israel                        ;m. new shekels                ;January;96;12490;11329;15669;19927;20168;24742;26118;26667;30440;33286;34636;35710;38304;40074;47135;48593;49133;48293;50932;49106;50700;55173;54757;55393;56904;61263;56920
Jordan                        ;m. dinars                     ;January;;220;220;214;295;250;271;285;210;296;315;352;363;375;375;370;434;416;428;497;732;952;997;971;984;885;849;900
Kuwait                        ;m. dinars                     ;April;;577;643;4527;2821;883;916;1041;1163;778;711;680;712;707;784;882;950;1039;1020;1052;1209;1185;1220;1250;1568;1695;1637;. .
Lebanon                       ;b. pounds                     ;January;;16.1;. .;149;213;758;789;1071;1210;1156;1044;1052;1251;1402;1445;1368;1392;1439;1451;1521;1737;1763;2150;2390;2452;2649;2694;3198
Oman                          ;m. rials                      ;January;‡ 97;589;601;742;643;778;738;779;776;737;760;676;687;809;933;958;1010;1144;1404;1550;1663;1775;1726;1882;2564;4743;4494;3700
Qatar                         ;m. riyals                     ;January;;3577;3088;2879;3260;. .;. .;. .;. .;. .;. .;. .;. .;. .;. .;2770;2856;2811;3231;3879;5687;8436;7092;6831;. .;. .;. .;. .
Saudi Arabia                  ;b. riyals                     ;January;§ 98;50.1;47.8;61.3;61.3;57.6;61.7;53.5;49.5;50.0;68.0;78.2;68.7;74.9;78.9;69.4;70.3;78.4;95.1;111;133;143;155;170;182;212;251;303
Syria                         ;b. pounds                     ;January;99;13.6;15.5;17.2;30.2;31.1;27.9;36.6;39.7;41.7;43.9;45.9;47.6;49.3;53.4;55.3;67.1;70.2;75.7;74.9;82.7;86.8;101;109;120;. .;. .;. .
Turkey                        ;m. liras                      ;January;?;3.8;7.2;13.9;23.7;42.3;77.7;157;303;612;1183;2289;4168;6248;8844;13641;15426;15568;16232;18747;19664;22014;25033;26674;28692;31987;35089;38405
UAE                           ;m. dirhams                    ;January;100;. .;. .;. .;. .;. .;. .;. .;. .;. .;12246;14728;15546;21579;21293;19663;21428;25035;24254;26315;31073;42497;50814;64286;70445;69866;86528;83568
Yemen                         ;b. riyals                     ;January;101;xxx;xxx;9.7;12.3;15.7;18.4;28.3;32.9;39.2;51.3;52.2;61.5;76.6;91.1;130;148;136;156;162;209;239;288;318;345;347;354;369
Yemen, North                  ;m. rials                      ;January;102;5533;. .;xxx;xxx;xxx;xxx;xxx;xxx;xxx;xxx;xxx;xxx;xxx;xxx;xxx;xxx;xxx;xxx;xxx;xxx;xxx;xxx;xxx;xxx;xxx;xxx;xxx
Yemen, South                  ;m. dinars                     ;January;;. .;. .;xxx;xxx;xxx;xxx;xxx;xxx;xxx;xxx;xxx;xxx;xxx;xxx;xxx;xxx;xxx;xxx;xxx;xxx;xxx;xxx;xxx;xxx;xxx;xxx;xxx
;;;;;;;;;;;;;;;;;;;;;;;;;;;;;;
Numbered footnotes can be found on the Footnotes worksheet.;;;;;;;;;;;;;;;;;;;;;;;;;;;;;;
† Figures for these countries do not include military pensions;;;;;;;;;;;;;;;;;;;;;;;;;;;;;;
‡  Figures for these countries are for current spending only  (i.e. exclude capital spending);;;;;;;;;;;;;;;;;;;;;;;;;;;;;;
§ Figures for these countries are for the adopted budget, rather than actual expenditure;;;;;;;;;;;;;;;;;;;;;;;;;;;;;;
¶ Figures for these countries do not include spending on paramilitary forces;;;;;;;;;;;;;;;;;;;;;;;;;;;;;;
"? This country changed or redenominated its currency during the period; all current price local currency figures have been converted to the latest currency.";;;;;;;;;;;;;;;;;;;;;;;;;;;;;;
The symbol;between two cells indicates a change in units of currency, e.g. From thousands to billions;;;;;;;;;;;;;;;;;;;;;;;;;;;;;
The symbols;and;between two parts of a series for a country indicate a series break, where data before the red lines may not be consistent with data after.;;;;;;;;;;;;;;;;;;;;;;;;;;;;
